{
  "model_name": "openai--SWE-smith-32B-Agent_qwen32B_bs1x8_lr5e-5_ep3",
  "model_slug": "openai--SWE-smith-32B-Agent_qwen32B_bs1x8_lr5e-5_ep3",
  "num_runs": 3,
  "aggregated_stats": {
    "total_instances_mean": 500.0,
    "total_instances_std": 0.0,
    "submitted_instances_mean": 500.0,
    "submitted_instances_std": 0.0,
    "completed_instances_mean": 362.3333333333333,
    "completed_instances_std": 7.133644853010899,
    "resolved_instances_mean": 102.66666666666667,
    "resolved_instances_std": 4.642796092394707,
    "unresolved_instances_mean": 259.6666666666667,
    "unresolved_instances_std": 2.494438257849294,
    "empty_patch_instances_mean": 132.66666666666666,
    "empty_patch_instances_std": 4.189935029992178,
    "error_instances_mean": 5.0,
    "error_instances_std": 4.320493798938574,
    "resolved_rate_mean": 0.20533333333333337,
    "resolved_rate_std": 0.009285592184789408,
    "repo_resolved_rate_mean": 0.2996986672056792,
    "repo_resolved_rate_std": 0.007400000710048552,
    "all_repo_names": [
      "astropy/astropy",
      "django/django",
      "matplotlib/matplotlib",
      "pallets/flask",
      "psf/requests",
      "pydata/xarray",
      "pylint-dev/pylint",
      "pytest-dev/pytest",
      "scikit-learn/scikit-learn",
      "sphinx-doc/sphinx",
      "sympy/sympy"
    ],
    "total_unique_repos": 11,
    "per_repo_resolved_rate_stats": {
      "astropy/astropy": {
        "mean": 0.28654970760233917,
        "std": 0.033081019002879415,
        "num_runs": 3
      },
      "django/django": {
        "mean": 0.36121212121212115,
        "std": 0.005706847229020411,
        "num_runs": 3
      },
      "matplotlib/matplotlib": {
        "mean": 0.1261631089217296,
        "std": 0.04159644797762688,
        "num_runs": 3
      },
      "pallets/flask": {
        "mean": 1.0,
        "std": 0.0,
        "num_runs": 3
      },
      "psf/requests": {
        "mean": 0.09523809523809523,
        "std": 0.06734350297014738,
        "num_runs": 3
      },
      "pydata/xarray": {
        "mean": 0.23684210526315788,
        "std": 0.018608073189119678,
        "num_runs": 3
      },
      "pylint-dev/pylint": {
        "mean": 0.22023809523809523,
        "std": 0.06890379108803704,
        "num_runs": 3
      },
      "pytest-dev/pytest": {
        "mean": 0.16666666666666666,
        "std": 0.02946278254943948,
        "num_runs": 3
      },
      "scikit-learn/scikit-learn": {
        "mean": 0.41954022988505746,
        "std": 0.056893649060986595,
        "num_runs": 3
      },
      "sphinx-doc/sphinx": {
        "mean": 0.13737373737373737,
        "std": 0.04597901687572139,
        "num_runs": 3
      },
      "sympy/sympy": {
        "mean": 0.24686147186147187,
        "std": 0.014846181336600671,
        "num_runs": 3
      }
    }
  },
  "individual_runs": {
    "run_1": {
      "total_instances": 500,
      "submitted_instances": 500,
      "completed_instances": 355,
      "resolved_instances": 98,
      "unresolved_instances": 257,
      "empty_patch_instances": 134,
      "error_instances": 11,
      "resolved_rate": 0.196,
      "repo_level": {
        "repo_resolved_rates": {
          "pylint-dev/pylint": 0.2857142857142857,
          "scikit-learn/scikit-learn": 0.3793103448275862,
          "pytest-dev/pytest": 0.125,
          "astropy/astropy": 0.3333333333333333,
          "pallets/flask": 1.0,
          "pydata/xarray": 0.21052631578947367,
          "sympy/sympy": 0.23636363636363636,
          "sphinx-doc/sphinx": 0.12121212121212122,
          "matplotlib/matplotlib": 0.06896551724137931,
          "psf/requests": 0.14285714285714285,
          "django/django": 0.36666666666666664
        },
        "average_repo_resolved_rate": 0.29726812400051145,
        "std_repo_resolved_rate": 0.243960450537812,
        "total_repos": 11,
        "repo_names": [
          "astropy/astropy",
          "django/django",
          "matplotlib/matplotlib",
          "pallets/flask",
          "psf/requests",
          "pydata/xarray",
          "pylint-dev/pylint",
          "pytest-dev/pytest",
          "scikit-learn/scikit-learn",
          "sphinx-doc/sphinx",
          "sympy/sympy"
        ]
      }
    },
    "run_2": {
      "total_instances": 500,
      "submitted_instances": 500,
      "completed_instances": 372,
      "resolved_instances": 109,
      "unresolved_instances": 263,
      "empty_patch_instances": 127,
      "error_instances": 1,
      "resolved_rate": 0.218,
      "repo_level": {
        "repo_resolved_rates": {
          "pylint-dev/pylint": 0.25,
          "scikit-learn/scikit-learn": 0.5,
          "pytest-dev/pytest": 0.1875,
          "astropy/astropy": 0.2631578947368421,
          "pallets/flask": 1.0,
          "pydata/xarray": 0.25,
          "sympy/sympy": 0.23636363636363636,
          "sphinx-doc/sphinx": 0.2,
          "matplotlib/matplotlib": 0.16666666666666666,
          "psf/requests": 0.0,
          "django/django": 0.35333333333333333
        },
        "average_repo_resolved_rate": 0.3097292301000435,
        "std_repo_resolved_rate": 0.2472841873813807,
        "total_repos": 11,
        "repo_names": [
          "astropy/astropy",
          "django/django",
          "matplotlib/matplotlib",
          "pallets/flask",
          "psf/requests",
          "pydata/xarray",
          "pylint-dev/pylint",
          "pytest-dev/pytest",
          "scikit-learn/scikit-learn",
          "sphinx-doc/sphinx",
          "sympy/sympy"
        ]
      }
    },
    "run_3": {
      "total_instances": 500,
      "submitted_instances": 500,
      "completed_instances": 360,
      "resolved_instances": 101,
      "unresolved_instances": 259,
      "empty_patch_instances": 137,
      "error_instances": 3,
      "resolved_rate": 0.202,
      "repo_level": {
        "repo_resolved_rates": {
          "pylint-dev/pylint": 0.125,
          "scikit-learn/scikit-learn": 0.3793103448275862,
          "pytest-dev/pytest": 0.1875,
          "astropy/astropy": 0.2631578947368421,
          "pallets/flask": 1.0,
          "pydata/xarray": 0.25,
          "sympy/sympy": 0.26785714285714285,
          "sphinx-doc/sphinx": 0.09090909090909091,
          "matplotlib/matplotlib": 0.14285714285714285,
          "psf/requests": 0.14285714285714285,
          "django/django": 0.36363636363636365
        },
        "average_repo_resolved_rate": 0.29209864751648285,
        "std_repo_resolved_rate": 0.24138454606024295,
        "total_repos": 11,
        "repo_names": [
          "astropy/astropy",
          "django/django",
          "matplotlib/matplotlib",
          "pallets/flask",
          "psf/requests",
          "pydata/xarray",
          "pylint-dev/pylint",
          "pytest-dev/pytest",
          "scikit-learn/scikit-learn",
          "sphinx-doc/sphinx",
          "sympy/sympy"
        ]
      }
    }
  },
  "analysis_config": {
    "results_path": "evaluation_results_1r1m/baselines",
    "dataset_name": "princeton-nlp/SWE-bench_Verified",
    "split": "test"
  }
}