{
  "model_name": "r2egym-32b-agent",
  "model_slug": "r2egym-32b-agent",
  "num_runs": 3,
  "aggregated_stats": {
    "total_instances_mean": 500.0,
    "total_instances_std": 0.0,
    "submitted_instances_mean": 497.0,
    "submitted_instances_std": 1.4142135623730951,
    "completed_instances_mean": 491.0,
    "completed_instances_std": 0.816496580927726,
    "resolved_instances_mean": 160.0,
    "resolved_instances_std": 2.8284271247461903,
    "unresolved_instances_mean": 331.0,
    "unresolved_instances_std": 2.943920288775949,
    "empty_patch_instances_mean": 4.0,
    "empty_patch_instances_std": 0.816496580927726,
    "error_instances_mean": 2.0,
    "error_instances_std": 0.816496580927726,
    "resolved_rate_mean": 0.32,
    "resolved_rate_std": 0.005656854249492386,
    "repo_resolved_rate_mean": 0.3658225438273996,
    "repo_resolved_rate_std": 0.005297781193359776,
    "all_repo_names": [
      "astropy/astropy",
      "django/django",
      "matplotlib/matplotlib",
      "mwaskom/seaborn",
      "pallets/flask",
      "psf/requests",
      "pydata/xarray",
      "pylint-dev/pylint",
      "pytest-dev/pytest",
      "scikit-learn/scikit-learn",
      "sphinx-doc/sphinx",
      "sympy/sympy"
    ],
    "total_unique_repos": 12,
    "per_repo_resolved_rate_stats": {
      "astropy/astropy": {
        "mean": 0.15367965367965367,
        "std": 0.020072767306267763,
        "num_runs": 3
      },
      "django/django": {
        "mean": 0.3358088136029495,
        "std": 0.010014425504871386,
        "num_runs": 3
      },
      "matplotlib/matplotlib": {
        "mean": 0.3354129530600119,
        "std": 0.08800342043946788,
        "num_runs": 3
      },
      "mwaskom/seaborn": {
        "mean": 0.0,
        "std": 0.0,
        "num_runs": 3
      },
      "pallets/flask": {
        "mean": 1.0,
        "std": 0.0,
        "num_runs": 3
      },
      "psf/requests": {
        "mean": 0.5416666666666666,
        "std": 0.05892556509887896,
        "num_runs": 3
      },
      "pydata/xarray": {
        "mean": 0.30303030303030304,
        "std": 0.04285495643554835,
        "num_runs": 3
      },
      "pylint-dev/pylint": {
        "mean": 0.2074074074074074,
        "std": 0.010475656017578472,
        "num_runs": 3
      },
      "pytest-dev/pytest": {
        "mean": 0.46588693957115007,
        "std": 0.06340528642218557,
        "num_runs": 3
      },
      "scikit-learn/scikit-learn": {
        "mean": 0.5759856630824373,
        "std": 0.006589525559444555,
        "num_runs": 3
      },
      "sphinx-doc/sphinx": {
        "mean": 0.19485982914797437,
        "std": 0.017171325959832978,
        "num_runs": 3
      },
      "sympy/sympy": {
        "mean": 0.27613229668024186,
        "std": 0.03285366658965352,
        "num_runs": 3
      }
    }
  },
  "individual_runs": {
    "run_1": {
      "total_instances": 500,
      "submitted_instances": 496,
      "completed_instances": 491,
      "resolved_instances": 156,
      "unresolved_instances": 335,
      "empty_patch_instances": 4,
      "error_instances": 1,
      "resolved_rate": 0.312,
      "repo_level": {
        "repo_resolved_rates": {
          "pytest-dev/pytest": 0.42105263157894735,
          "django/django": 0.3318777292576419,
          "mwaskom/seaborn": 0.0,
          "sphinx-doc/sphinx": 0.17073170731707318,
          "psf/requests": 0.625,
          "matplotlib/matplotlib": 0.21212121212121213,
          "scikit-learn/scikit-learn": 0.5806451612903226,
          "sympy/sympy": 0.2972972972972973,
          "pylint-dev/pylint": 0.2222222222222222,
          "astropy/astropy": 0.18181818181818182,
          "pallets/flask": 1.0,
          "pydata/xarray": 0.2727272727272727
        },
        "average_repo_resolved_rate": 0.35962445130251425,
        "std_repo_resolved_rate": 0.2553749102536598,
        "total_repos": 12,
        "repo_names": [
          "astropy/astropy",
          "django/django",
          "matplotlib/matplotlib",
          "mwaskom/seaborn",
          "pallets/flask",
          "psf/requests",
          "pydata/xarray",
          "pylint-dev/pylint",
          "pytest-dev/pytest",
          "scikit-learn/scikit-learn",
          "sphinx-doc/sphinx",
          "sympy/sympy"
        ]
      }
    },
    "run_2": {
      "total_instances": 500,
      "submitted_instances": 496,
      "completed_instances": 490,
      "resolved_instances": 162,
      "unresolved_instances": 328,
      "empty_patch_instances": 3,
      "error_instances": 3,
      "resolved_rate": 0.324,
      "repo_level": {
        "repo_resolved_rates": {
          "pytest-dev/pytest": 0.5555555555555556,
          "django/django": 0.32599118942731276,
          "mwaskom/seaborn": 0.0,
          "sphinx-doc/sphinx": 0.20930232558139536,
          "psf/requests": 0.5,
          "matplotlib/matplotlib": 0.38235294117647056,
          "scikit-learn/scikit-learn": 0.5806451612903226,
          "sympy/sympy": 0.3013698630136986,
          "pylint-dev/pylint": 0.2,
          "astropy/astropy": 0.14285714285714285,
          "pallets/flask": 1.0,
          "pydata/xarray": 0.2727272727272727
        },
        "average_repo_resolved_rate": 0.3725667876357642,
        "std_repo_resolved_rate": 0.25033348711260556,
        "total_repos": 12,
        "repo_names": [
          "astropy/astropy",
          "django/django",
          "matplotlib/matplotlib",
          "mwaskom/seaborn",
          "pallets/flask",
          "psf/requests",
          "pydata/xarray",
          "pylint-dev/pylint",
          "pytest-dev/pytest",
          "scikit-learn/scikit-learn",
          "sphinx-doc/sphinx",
          "sympy/sympy"
        ]
      }
    },
    "run_3": {
      "total_instances": 500,
      "submitted_instances": 499,
      "completed_instances": 492,
      "resolved_instances": 162,
      "unresolved_instances": 330,
      "empty_patch_instances": 5,
      "error_instances": 2,
      "resolved_rate": 0.324,
      "repo_level": {
        "repo_resolved_rates": {
          "pytest-dev/pytest": 0.42105263157894735,
          "django/django": 0.3495575221238938,
          "mwaskom/seaborn": 0.0,
          "sphinx-doc/sphinx": 0.20454545454545456,
          "psf/requests": 0.5,
          "matplotlib/matplotlib": 0.4117647058823529,
          "scikit-learn/scikit-learn": 0.5666666666666667,
          "sympy/sympy": 0.22972972972972974,
          "pylint-dev/pylint": 0.2,
          "astropy/astropy": 0.13636363636363635,
          "pallets/flask": 1.0,
          "pydata/xarray": 0.36363636363636365
        },
        "average_repo_resolved_rate": 0.36527639254392036,
        "std_repo_resolved_rate": 0.24570578383735275,
        "total_repos": 12,
        "repo_names": [
          "astropy/astropy",
          "django/django",
          "matplotlib/matplotlib",
          "mwaskom/seaborn",
          "pallets/flask",
          "psf/requests",
          "pydata/xarray",
          "pylint-dev/pylint",
          "pytest-dev/pytest",
          "scikit-learn/scikit-learn",
          "sphinx-doc/sphinx",
          "sympy/sympy"
        ]
      }
    }
  },
  "analysis_config": {
    "results_path": "evaluation_results_1r1m/baselines",
    "dataset_name": "princeton-nlp/SWE-bench_Verified",
    "split": "test"
  }
}