{
  "total_samples": 274,
  "failed_samples": 0,
  "min_length": 6441,
  "max_length": 80968,
  "avg_length": 23704.799270072992,
  "median_length": 21440.5,
  "std_length": 12166.383318429038,
  "percentiles": {
    "p25": 15742.5,
    "p50": 21440.5,
    "p75": 28817.5,
    "p90": 38709.8,
    "p95": 45329.549999999974,
    "p99": 63493.07999999977
  },
  "model": "Qwen/Qwen2.5-0.5B-Instruct",
  "dataset": "data/automated_pipeline_o3_bugs30_combos50_depth2_workers32_nbugs1_patches2_perfile2_permodule10_train_traj.json",
  "split": "train"
}